"parameter","mean","median","sd","ESS","ESS_per_iter"
"sig2",2.5832039988998,2.58571685120347,0.016439914473305,2.89077250593267,0.00144538625296634
"range1",0.593570058097808,0.593375279913006,0.000650233866348255,3.50088811285947,0.00175044405642973
"range2",153.46185503098,153.399062676668,0.112757234255714,7.20771441141491,0.00360385720570746
"range3",0.0732894507193026,0.0732439851339969,7.08741902464447e-05,4.04916827628687,0.00202458413814344
"range4",0.0739786141009253,0.0738898030295234,9.60450250517698e-05,3.76493881735335,0.00188246940867668
"range5",0.0674144210495605,0.0672535153149632,0.000224365491745052,3.31244849955332,0.00165622424977666
"range6",373.609835375489,374.0474326715,0.916165736881705,2.8124757960567,0.00140623789802835
"range7",54.5194789143457,54.5774005004001,0.114577320281835,4.43185266222962,0.00221592633111481
"range8",3.44697331181484,3.44572670990461,0.00738623330140574,7.04443439897725,0.00352221719948862
"range9",2.19064334254736,2.19006181727921,0.00146477318489469,6.83306661637262,0.00341653330818631
"range10",44.7236559086542,44.6517149223459,0.138207420345981,4.40503190013858,0.00220251595006929
"range11",4.47326833939449,4.47489417665249,0.00638706678785923,2.96401940435064,0.00148200970217532
"range12",2.25600896149163,2.25773815478191,0.00258499181884955,3.74300790284002,0.00187150395142001
"range13",68.5395483406789,68.6312284941884,0.39034441834757,2.92208325891885,0.00146104162945942
"range14",1.69000474793549,1.68893457831658,0.00278430483212587,3.09594328891571,0.00154797164445785
"range15",257.558726215311,257.566495886785,0.244558891198785,2.83953904057435,0.00141976952028717
"range16",2.54339694216186,2.54404502595046,0.00313112297524458,2.93504961891802,0.00146752480945901
"range17",35.8068402084361,35.8946684188466,0.109020225821342,3.45807237594955,0.00172903618797477
"range18",6.88725597585208,6.88277093882669,0.0105461455246056,4.84301814208619,0.0024215090710431
"range19",0.816465001346722,0.816411416580483,0.00413209056262918,2.88074866360761,0.0014403743318038
"range20",12.4043204821889,12.3956488011042,0.0181289251079684,4.71609595231855,0.00235804797615928
"nugget",0.104345874654333,0.103931035600649,0.000571096552309736,2.8751639775714,0.0014375819887857
